冊別,章節,課程編號,課程名稱,時長,狀態,備註,完成日期
=== 第三冊 ===,,,,,,,
,第一章 三角函數,,,,,,
,,1-1_主題1,弧度量(A+B版),40:39,已完成,基礎概念,
,,1-1_主題2,扇形弧長與面積(A+B版),15:20,已完成,應用計算,
,,1-1_主題3,三角函數的圖形(A+B版),01:12:32,已完成,圖形分析,
,,1-1_主題4,三角方程式(A+B版),23:55,進行中,方程求解,
,,1-1_主題5,三角不等式(A+B版),14:26,未開始,不等式解法,
,,1-1_主題6,三角函數的極值(A+B版),03:37,未開始,極值問題,
,,1-1_主題7,三角函數的應用(A+B版),13:39,未開始,實際應用,
,,1-2_主題1,和差角公式(A版),01:19:38,未開始,公式推導,
,,1-2_主題2,平方差(課外補充)(A版),06:08,未開始,補充內容,
,,1-2_主題3,正切的和差角(A版),27:06,未開始,正切公式,
,,1-2_主題4,二倍角(A版),28:12,未開始,倍角公式,
,,1-2_主題5,二倍角(A版),21:51,未開始,延續內容,
,,1-2_主題6,半角公式(A版),26:03,未開始,半角推導,
,,1-3_主題1,正餘弦的疊合(A版),40:16,未開始,函數疊合,
,,1-3_主題2,正餘弦疊合的極值(A版),44:27,未開始,極值計算,
,,1-3_主題3,正餘弦疊合的應用問題(A版),28:05,未開始,應用題型,
,第二章 指數與對數函數,,,,,,
,,2-1_主題1,指數函數的圖形(A+B版),42:24,未開始,圖形性質,
,,2-1_主題2,指數比大小(A+B版),09:01,未開始,大小比較,
,,2-1_主題3,指數方程式與不等式(A+B版),09:01,未開始,方程不等式,
,,2-1_主題4,指數函數的極值(A+B版),11:03,未開始,極值問題,
,,2-1_主題5,指數函數的應用(A+B版),08:15,未開始,實際應用,
,,2-2_主題1,對數的定義(A+B版),14:32,未開始,基本定義,
,,2-2_主題2,對數律(A+B版),01:04:23,未開始,對數運算律,
,,2-2_主題3,對數方程(A+B版),21:12,未開始,方程求解,
,,2-2_主題4,科學記號與常用對數(A+B版),24:07,未開始,科學應用,
,,2-3_主題1,對數函數的圖形(A+B版),44:59,未開始,圖形分析,
,,2-3_主題2,對數比大小(A+B版),12:06,未開始,大小比較,
,,2-3_主題3,對數不等式(A+B版),23:56,未開始,不等式解法,
,,2-3_主題4,對數求極值(A+B版),07:08,未開始,極值計算,
,,2-3_主題5,對數應用問題(A+B版),33:57,已完成,應用題型,
,第三章 平面向量,,,,,,
,,3-1_主題1,平面向量的幾何表示法(A+B版),05:53,未開始,幾何表示,
,,3-1_主題2,平面向量的座標表示法(A+B版),14:51,未開始,座標表示,
,,3-1_主題3,向量的運算(A+B版),24:45,已完成,基本運算,
,,3-1_主題4,向量的線性組合(A+B版),28:52,未開始,線性組合,
,,3-1_主題5,共線理論(A+B版),35:00,未開始,共線性質,
,,3-1_主題6,面積比(A+B版),07:25,未開始,面積計算,
,,3-1_主題7,斜座標(A+B版),19:00,未開始,座標系統,
,,3-2_主題1,內積(A+B版),26:00,未開始,內積運算,
,,3-2_主題2,內積的性質(A+B版),14:19,未開始,性質探討,
,,3-2_主題3,正射影(A+B版),26:11,未開始,投影計算,
,,3-2_主題4,直線參數式(A+B版),27:25,未開始,參數方程,
,,3-2_主題5,直線的夾角(A+B版),10:36,未開始,角度計算,
,,3-2_主題6,柯西不等式(A版),26:59,未開始,不等式理論,
,,3-3_主題1,向量的面積公式(A版),18:09,未開始,面積公式,
,,3-3_主題2,二階行列式(A版),29:15,未開始,行列式計算,
,,3-3_主題3,克拉瑪公式(A版),12:17,未開始,線性方程組,
,,3-3_主題4,二元一次方程組的向量觀點(A版),12:02,未開始,向量觀點,
=== 第四冊 ===,,,,,,,
,第一章 空間向量,,,,,,
,,1-1_主題1,空間概念(A+B版),23:07,未開始,基礎概念,
,,1-1_主題2,二面角(A+B版),30:00,未開始,角度計算,
,,1-1_主題3,立體圖形計算(A+B版),14:50,未開始,立體幾何,
,,1-2_主題1,空間坐標系(A+B版),32:39,未開始,坐標系統,
,,1-2_主題2,空間向量的表示法(A+B版),25:52,未開始,向量表示,
,,1-2_主題3,空間向量的線性組合(A+B版),11:01,未開始,線性運算,
,,1-3_主題1,空間向量的內積(A版),21:25,未開始,內積計算,
,,1-3_主題2,柯西不等式(A版),21:58,未開始,不等式,
,,1-4_主題1,外積(A版),18:27,未開始,外積運算,
,,補充,內積與外積比較,06:34,未開始,概念比較,
,,1-4_主題2,空間向量求體積(A版),04:57,未開始,體積計算,
,,1-4_主題3,三階行列式(A版),24:50,未開始,行列式,
,,1-4_主題4,三階行列式的應用(A版),12:44,未開始,應用計算,
,,數B補充,如何判斷圓錐截痕,04:27,未開始,幾何判斷,
,,數B補充,球面與經緯度,20:27,未開始,球面幾何,
,第二章 空間的平面與直線(A版),,,,,,
,,2-1_主題1,平面方程式,24:59,未開始,方程建立,
,,2-1_主題2,平面的截距式,18:42,未開始,截距表示,
,,2-1_主題3,平面的夾角,09:30,未開始,角度計算,
,,2-1_主題4,點到平面的距離,24:21,未開始,距離公式,
,,2-2_主題1,直線方程式,37:02,未開始,方程建立,
,,2-2_主題2,直線與平面,29:32,未開始,關係分析,
,,2-2_主題3,點與直線,06:50,未開始,位置關係,
,,2-2_主題4,直線與直線,39:55,未開始,線線關係,
,第三章 條件機率(A+B版),,,,,,
,,3-1~3-2_主題1,條件機率,23:37,未開始,機率計算,
,,3-2_主題2,獨立事件,30:05,未開始,事件獨立性,
,,3-3_主題1,貝氏定理,27:36,未開始,定理應用,
,第四章 矩陣,,,,,,
,,4-1_主題1,高斯消去法(A版),37:19,未開始,解方程組,
,,4-2_主題1,矩陣的加減法(A+B版),11:50,未開始,基本運算,
,,4-2_主題2,矩陣的乘法(A+B版),21:19,未開始,乘法運算,
,,4-2_主題3,矩陣的高次方(A+B版),24:19,未開始,冪次計算,
,,4-2_主題4,反方陣(A+B版),46:26,未開始,逆矩陣,
,,4-3_主題1,轉移矩陣(A版),38:11,未開始,狀態轉移,
,,4-3_主題2~3,平面線性變換(A版),10:19,未開始,幾何變換,
,,4-3_主題4~5,伸縮與推移矩陣(A版),13:58,未開始,變換矩陣,
,,4-3_主題6,鏡射矩陣(A版),12:17,未開始,對稱變換,
,,4-3_主題7,旋轉矩陣(A版),24:45,未開始,旋轉變換,
